{"fresh":{"last_tab":"main","mts_logo":"2626","mts_favicon":"","mts_touch_icon":"","mts_metro_icon":"","mts_twitter_username":"","mts_feedburner":"","mts_ajax_search":"0","mts_responsive":"1","mts_shop_products":"9","async_js":"1","remove_ver_params":"1","disable_emojis":"0","prefetching":"0","optimize_wc":"1","primary_color_scheme":"#99c034","mts_layout":"cslayout","mts_background":{"color":"#ffffff","use":"pattern","image_pattern":"nobg","image_upload":"","repeat":"repeat","attachment":"scroll","position":"left top","size":"cover","gradient":{"from":"#ffffff","to":"#000000","direction":"0deg"},"parallax":"0"},"header_styles":"header-default","top_bar_text":"Eat Local Organic Food!","header_social_icons":[{"group_title":"Twitter","group_sort":"2","header_icon_title":"Twitter","header_icon":"twitter","header_icon_link":"#","header_icon_bgcolor":"","header_icon_hover_bgcolor":"","header_icon_color":"#444444","header_icon_hover_color":"#99c034","header_icon_margin":{"top":"4px","right":"0","bottom":"0","left":"0"},"header_icon_padding":{"top":"0","right":"0","bottom":"0","left":"17px"},"header_icon_border":{"color":"","direction":"all","size":"","style":"none"},"header_icon_border_radius":"0"},{"group_title":"Youtube","group_sort":"1","header_icon_title":"Youtube","header_icon":"youtube-play","header_icon_link":"#","header_icon_bgcolor":"","header_icon_hover_bgcolor":"","header_icon_color":"#444444","header_icon_hover_color":"#99c034","header_icon_margin":{"top":"4px","right":"0","bottom":"0","left":"0"},"header_icon_padding":{"top":"0","right":"0","bottom":"0","left":"16px"},"header_icon_border":{"color":"","direction":"all","size":"","style":"none"},"header_icon_border_radius":"0"},{"group_title":"Instagram","group_sort":"1","header_icon_title":"Instagram","header_icon":"instagram","header_icon_link":"#","header_icon_bgcolor":"","header_icon_hover_bgcolor":"","header_icon_color":"#444444","header_icon_hover_color":"#99c034","header_icon_margin":{"top":"4px","right":"0","bottom":"0","left":"0"},"header_icon_padding":{"top":"0","right":"0","bottom":"0","left":"15px"},"header_icon_border":{"color":"","direction":"all","size":"","style":"none"},"header_icon_border_radius":"0"},{"group_title":"Facebook","group_sort":"1","header_icon_title":"Facebook","header_icon":"facebook-official","header_icon_link":"#","header_icon_bgcolor":"","header_icon_hover_bgcolor":"","header_icon_color":"#444444","header_icon_hover_color":"#99c034","header_icon_margin":{"top":"4px","right":"0","bottom":"0","left":"0"},"header_icon_padding":{"top":"0","right":"0","bottom":"0","left":"17px"},"header_icon_border":{"color":"","direction":"all","size":"","style":"none"},"header_icon_border_radius":"0"}],"top_bar_margin":{"top":"0","bottom":"0"},"top_bar_padding":{"top":"8px","bottom":"7px"},"top_bar_background":{"color":"#f8faf4","use":"pattern","image_pattern":"nobg","image_upload":"","repeat":"repeat","attachment":"scroll","position":"left top","size":"cover","gradient":{"from":"#ffffff","to":"#000000","direction":"0deg"},"parallax":"0"},"header_search_box":"1","nav_button":"1","nav_button_text":"Recipes","nav_button_url":"https:\/\/demo.mythemeshop.com\/fresh\/cooked\/","header_margin":{"top":"0","bottom":"0"},"header_padding":{"top":"19px","bottom":"19px"},"mts_header_border":{"color":"","direction":"all","size":"","style":"none"},"header_background":{"color":"#ffffff","use":"pattern","image_pattern":"nobg","image_upload":"","repeat":"repeat","attachment":"scroll","position":"left top","size":"cover","gradient":{"from":"#ffffff","to":"#000000","direction":"0deg"},"parallax":"0"},"mts_sticky_nav":"0","mts_header_section2":"1","main_navigation_dropdown_color":"#ffffff","main_navigation_dropdown_hover_color":"#ffffff","mts_top_footer":"1","mts_top_footer_num":"4","mts_copyrights":"Theme by <a href=\"https:\/\/mythemeshop.com\/\" rel=\"nofollow\">MyThemeShop<\/a>","mts_top_footer_margin":{"top":"30px","right":"0","bottom":"0","left":"0"},"mts_top_footer_padding":{"top":"83px","right":"0","bottom":"0","left":"0"},"mts_footer_background":{"color":"#78ae31","use":"pattern","image_pattern":"nobg","image_upload":"","repeat":"repeat","attachment":"scroll","position":"left top","size":"cover","gradient":{"from":"#ffffff","to":"#000000","direction":"0deg"},"parallax":"0"},"mts_copyrights_background":{"color":"#f8faf4","use":"pattern","image_pattern":"nobg","image_upload":"","repeat":"repeat","attachment":"scroll","position":"left top","size":"cover","gradient":{"from":"#ffffff","to":"#000000","direction":"0deg"},"parallax":"0"},"copyrights_border":{"color":"","direction":"all","size":"","style":"none"},"show_top_button":"1","top_button_icon":"angle-up","top_button_color":"#ffffff","top_button_color_hover":"#ffffff","top_button_background":"#99c034","top_button_background_hover":"#444444","top_button_font_size":"50","top_button_padding":{"top":"1px","right":"10.5px","bottom":"6px","left":"10.5px"},"top_button_position":{"top":"auto","right":"30px","bottom":"100px","left":"auto"},"top_button_border_radius":"75","top_button_border":{"color":"","direction":"all","size":"","style":"none"},"footer_logo_section":"0","footer_logo":"","footer_fresh_logo":{"preview-color":"dark","font-family":"Caveat Brush","font-backup":"","font-weight":"400","font-style":"","color":"#ffffff","font-size":"54px","line-height":"","letter-spacing":"","margin-top":"","margin-bottom":"","css-selectors":".footer #logo a","additional-css":""},"footer_logo_social_icons":"1","footer_logo_social":[{"group_title":"Facebook","group_sort":"1","footer_logo_social_title":"Facebook","footer_logo_social_icon":"facebook-square","footer_logo_social_link":"#","footer_logo_social_bgcolor":"","footer_logo_social_hover_bgcolor":"","footer_logo_social_color":"#99c034","footer_logo_social_hover_color":"#ffffff","footer_logo_social_margin":{"top":"0","right":"22px","bottom":"0","left":"0"},"footer_logo_social_padding":{"top":"0","right":"0","bottom":"0","left":"0"},"footer_logo_social_border_radius":"0","footer_logo_social_border_size":"1","footer_logo_social_border_style":"none","footer_logo_social_border_color":"#dddddd"},{"group_title":"Twitter","group_sort":"2","footer_logo_social_title":"Twitter","footer_logo_social_icon":"twitter","footer_logo_social_link":"#","footer_logo_social_bgcolor":"","footer_logo_social_hover_bgcolor":"","footer_logo_social_color":"#99c034","footer_logo_social_hover_color":"#ffffff","footer_logo_social_margin":{"top":"0","right":"22px","bottom":"0","left":"0"},"footer_logo_social_padding":{"top":"0","right":"0","bottom":"0","left":"0"},"footer_logo_social_border_radius":"0","footer_logo_social_border_size":"1","footer_logo_social_border_style":"none","footer_logo_social_border_color":"#dddddd"},{"group_title":"Instagram","group_sort":"3","footer_logo_social_title":"Instagram","footer_logo_social_icon":"instagram","footer_logo_social_link":"#","footer_logo_social_bgcolor":"","footer_logo_social_hover_bgcolor":"","footer_logo_social_color":"#99c034","footer_logo_social_hover_color":"#ffffff","footer_logo_social_margin":{"top":"0","right":"22px","bottom":"0","left":"0"},"footer_logo_social_padding":{"top":"0","right":"0","bottom":"0","left":"0"},"footer_logo_social_border_radius":"0","footer_logo_social_border_size":"1","footer_logo_social_border_style":"none","footer_logo_social_border_color":"#dddddd"},{"group_title":"Youtube","group_sort":"4","footer_logo_social_title":"Youtube","footer_logo_social_icon":"youtube","footer_logo_social_link":"#","footer_logo_social_bgcolor":"","footer_logo_social_hover_bgcolor":"","footer_logo_social_color":"#99c034","footer_logo_social_hover_color":"#ffffff","footer_logo_social_margin":{"top":"0","right":"0","bottom":"0","left":"0"},"footer_logo_social_padding":{"top":"0","right":"0","bottom":"0","left":"0"},"footer_logo_social_border_radius":"0","footer_logo_social_border_size":"1","footer_logo_social_border_style":"none","footer_logo_social_border_color":"#dddddd"}],"footer_logo_social_font_size":"22","footer_nav_section":"0","footer_nav_margin":{"top":"0","right":"0","bottom":"40","left":"0"},"footer_nav_padding":{"top":"0","right":"0","bottom":"0","left":"0"},"footer_nav_border":{"color":"","direction":"all","size":"","style":"none"},"footer_nav_font":{"preview-color":"dark","font-family":"Open Sans","font-backup":"","font-weight":"600","font-style":"","color":"#ffffff","font-size":"14px","line-height":"","letter-spacing":"","margin-top":"","margin-bottom":"","css-selectors":".footer-nav li a","additional-css":""},"footer_menu_item_margin":{"right":"44px","left":"0"},"footer_nav_separator":"0","footer_nav_separator_content":"|","footer_nav_separator_color":"#ffffff","footer_nav_separator_margin":{"right":"25px","left":"25px"},"footer_brands_section":"0","footer_brands_alignment":"center","brands_section_title":"Our Brands:","brands_margin":{"top":"0","right":"0","bottom":"0","left":"0"},"brands_padding":{"top":"40px","right":"0","bottom":"27px","left":"0"},"brands_border":{"color":"","direction":"all","size":"","style":"none"},"social_button_layout":"standard","mts_social_button_position":"bottom","mts_social_buttons_on_pages":"0","mts_social_buttons":{"enabled":{"facebookshare":"Facebook Share","twitter":"Twitter","pinterest":"Pinterest","reddit":"Reddit"},"disabled":{"facebook":"Facebook Like","linkedin":"LinkedIn","stumble":"StumbleUpon"}},"social_styling_margin":{"top":"0","right":"0","bottom":"0","left":"-152px"},"social_styling_box_shadow":"1","social_floating_button_position":{"top":"230px","right":"auto","bottom":"auto","left":"100%"},"social_styling_border":{"color":"#e1e1e1","direction":"all","size":"1","style":"solid"},"social_styling_background":{"color":"","use":"pattern","image_pattern":"nobg","image_upload":"","repeat":"repeat","attachment":"scroll","position":"left top","size":"cover","gradient":{"from":"#ffffff","to":"#000000","direction":"0deg"},"parallax":"0"},"detect_adblocker":"0","detect_adblocker_type":"popup","detect_adblocker_title":"Ad Blocker Detected","detect_adblocker_description":"Our website is made possible by displaying online advertisements to our visitors. Please consider supporting us by disabling your ad blocker.","background_clickable":"0","background_link":"","background_link_new_tab":"1","mts_header_adcode":"","header_adcode_show":"all","header_ad_size":"0","mts_header_adcode_margin":{"top":"0","bottom":"0"},"navigation_ad":"0","navigation_adcode":"","navigation_ad_size":"26","navigation_ad_background":"#252525","mts_postfooter_adcode":"","mts_postfooter_adcode_time":"0","mts_posttop_adcode":"","mts_posttop_adcode_time":"0","mts_postend_adcode":"","mts_postend_adcode_time":"0","search_content":"all","search_results_per_page":"9","search_position":"above","mts_header_code":"","mts_analytics_code":"","mts_custom_css":"","retina_images":"1","images_responsive":"0","status_opengraph":"1","dynamic_css_compiler":"1","dynamic_css_db_caching":"0","cache_server_ip":"","woocommerce_shop_items":"12","woocommerce_shop_page_columns":"3","woocommerce_related_items":"3","woocommerce_related_columns":"4"},"fresh_homepage":{"last_tab":"homepage-sections","homepage_layout":{"enabled":{"slider":"Slider","services":"Services","featured":"Featured","services2":"Services 2","testimonials":"Testimonials","instagram":"Instagram","cta":"Click to Action"}},"home_slider":[{"group_title":"Group Title","group_sort":"1","slider_text":"Your Favourite","slider_text_color":"#444444","slider_big_title":"Fresh","slider_big_title_color":"#ffffff","slider_title":"Vegetables","slider_title_color":"#ffffff","slider_button_text":"Shop Now","slider_button_url":"https:\/\/demo.mythemeshop.com\/fresh\/shop\/","slider_button_text_color":"#ffffff","slider_button_bg_color":"#ec7012","slider_alignment":"left","slider_background":"https:\/\/demo.mythemeshop.com\/fresh-beta\/wp-content\/themes\/mts_fresh\/images\/slider-1-bg.png"},{"group_title":"Group Title","group_sort":"2","slider_text":"Your Favourite","slider_text_color":"#444444","slider_big_title":"Fresh","slider_big_title_color":"#ffffff","slider_title":"Vegetables","slider_title_color":"#ffffff","slider_button_text":"Shop Now","slider_button_url":"https:\/\/demo.mythemeshop.com\/fresh\/shop\/","slider_button_text_color":"#ffffff","slider_button_bg_color":"#ec7012","slider_alignment":"right","slider_background":"https:\/\/demo.mythemeshop.com\/fresh-beta\/wp-content\/themes\/mts_fresh\/images\/slider-2-bg.png"}],"slider_padding":{"top":"153px","right":"0","bottom":"188px","left":"0"},"slider_text_font":{"preview-color":"light","font-family":"Open Sans","font-backup":"","font-weight":"600","font-style":"","font-size":"30px","line-height":"","letter-spacing":"","margin-top":"","margin-bottom":"","css-selectors":".slider-section p","additional-css":"text-transform: uppercase;"},"slider_big_title_font":{"preview-color":"light","font-family":"Caveat Brush","font-backup":"","font-weight":"400","font-style":"","font-size":"150px","line-height":"1","letter-spacing":"","margin-top":"","margin-bottom":"","css-selectors":".slider-section h2","additional-css":""},"slider_title_font":{"preview-color":"light","font-family":"Caveat Brush","font-backup":"","font-weight":"400","font-style":"","font-size":"91px","line-height":"1","letter-spacing":"","margin-top":"","margin-bottom":"","css-selectors":".slider-section h3","additional-css":""},"home_services":[{"group_title":"Group Title","group_sort":"1","services_title":"Breakfast","services_image":"https:\/\/demo.mythemeshop.com\/fresh-beta\/wp-content\/themes\/mts_fresh\/images\/service-1.png","services_button_text":"Click Here","services_button_url":"#","services_bg_image":"https:\/\/demo.mythemeshop.com\/fresh-beta\/wp-content\/themes\/mts_fresh\/images\/service-1-bg.png"},{"group_title":"Group Title","group_sort":"2","services_title":"Dessert Recipes","services_image":"https:\/\/demo.mythemeshop.com\/fresh-beta\/wp-content\/themes\/mts_fresh\/images\/service-2.png","services_button_text":"Click Here","services_button_url":"#","services_bg_image":"https:\/\/demo.mythemeshop.com\/fresh-beta\/wp-content\/themes\/mts_fresh\/images\/service-2-bg.png"},{"group_title":"Group Title","group_sort":"3","services_title":"Dinner Recipes","services_image":"https:\/\/demo.mythemeshop.com\/fresh-beta\/wp-content\/themes\/mts_fresh\/images\/service-3.png","services_button_text":"Click Here","services_button_url":"#","services_bg_image":"https:\/\/demo.mythemeshop.com\/fresh-beta\/wp-content\/themes\/mts_fresh\/images\/service-3-bg.png"}],"services_image_border":{"color":"#ffffff","direction":"all","size":"6","style":"solid"},"services_padding":{"top":"103px","right":"0","bottom":"86px","left":"0"},"services_title_font":{"preview-color":"dark","font-family":"Open Sans","font-backup":"","font-weight":"700","font-style":"","color":"#ffffff","font-size":"28px","line-height":"1","letter-spacing":"","margin-top":"","margin-bottom":"","css-selectors":".services-section h2","additional-css":""},"featured_background":{"color":"","use":"upload","image_pattern":"nobg","image_upload":"https:\/\/demo.mythemeshop.com\/fresh-beta\/wp-content\/themes\/mts_fresh\/images\/featured-bg.png","repeat":"no-repeat","attachment":"scroll","position":"right top","size":"cover","gradient":{"from":"#ffffff","to":"#000000","direction":"0deg"},"parallax":"0"},"featured_title":"100%","featured_small_title":"Organic","featured_text":"Your favorite Products from the Field","featured_button_text":"Want More?","featured_button_url":"#","featured_button_text_color":"#ffffff","featured_button_bg_color":"#ec7012","featured_padding":{"top":"156px","right":"0","bottom":"170px","left":"0"},"featured_title_font":{"preview-color":"dark","font-family":"Caveat Brush","font-backup":"","font-weight":"400","font-style":"","color":"#ffffff","font-size":"136px","line-height":"1","letter-spacing":"","margin-top":"","margin-bottom":"","css-selectors":".featured-section h2","additional-css":""},"featured_small_title_font":{"preview-color":"dark","font-family":"Caveat Brush","font-backup":"","font-weight":"400","font-style":"","color":"#ffffff","font-size":"111px","line-height":"1","letter-spacing":"","margin-top":"","margin-bottom":"","css-selectors":".featured-section h3","additional-css":""},"featured_text_font":{"preview-color":"dark","font-family":"Open Sans","font-backup":"","font-weight":"400","font-style":"","color":"#ffffff","font-size":"20px","line-height":"","letter-spacing":"","margin-top":"","margin-bottom":"","css-selectors":".featured-section p","additional-css":""},"home_services2":[{"group_title":"Group Title","group_sort":"1","services2_title":"Health & Diet Recipes","services2_button_text":"Visit Blog","services2_button_url":"#","services2_bg_image":"https:\/\/demo.mythemeshop.com\/fresh-beta\/wp-content\/themes\/mts_fresh\/images\/service2-1-bg.png"},{"group_title":"Group Title","group_sort":"2","services2_title":"Order Farm Diary Products","services2_button_text":"Order Online","services2_button_url":"#","services2_bg_image":"https:\/\/demo.mythemeshop.com\/fresh-beta\/wp-content\/themes\/mts_fresh\/images\/service2-2-bg.png"}],"services2_padding":{"top":"124px","right":"0","bottom":"0","left":"0"},"services2_title_font":{"preview-color":"dark","font-family":"Open Sans","font-backup":"","font-weight":"700","font-style":"","color":"#ffffff","font-size":"30px","line-height":"46px","letter-spacing":"","margin-top":"","margin-bottom":"","css-selectors":".services2-section h2","additional-css":""},"testimonials_section_title":"People About Us","testimonials_section_title_font":{"preview-color":"light","font-family":"Open Sans","font-backup":"","font-weight":"700","font-style":"","color":"#7a9929","font-size":"40px","line-height":"1","letter-spacing":"","margin-top":"","margin-bottom":"","css-selectors":".testimonials-section h2","additional-css":""},"home_testimonials":[{"group_title":"Group Title","group_sort":"1","testimonials_title":"Testimonial 1","testimonials_author_image":"https:\/\/demo.mythemeshop.com\/fresh-beta\/wp-content\/themes\/mts_fresh\/images\/author-1.png","testimonials_author_name":"Helen Herbert","testimonials_text":"\u201cWe\u2019ve been Lettuce customers for a few years now! The veggies, fruit, cheese, bread, eggs, and mushrooms I receive are insanely delicious and very affordable. Keep doing what you\u2019re doing!\u201d"},{"group_title":"Group Title","group_sort":"2","testimonials_title":"Testimonial 2","testimonials_author_image":"https:\/\/demo.mythemeshop.com\/fresh-beta\/wp-content\/themes\/mts_fresh\/images\/author-2.png","testimonials_author_name":"Albert","testimonials_text":"\u201cWe\u2019ve been Lettuce customers for a few years now! The veggies, fruit, cheese, bread, eggs, and mushrooms I receive are insanely delicious and very affordable. Keep doing what you\u2019re doing!\u201d"},{"group_title":"Group Title","group_sort":"3","testimonials_title":"Testimonial 3","testimonials_author_image":"https:\/\/demo.mythemeshop.com\/fresh-beta\/wp-content\/themes\/mts_fresh\/images\/author-1.png","testimonials_author_name":"Helen Herbert","testimonials_text":"\u201cWe\u2019ve been Lettuce customers for a few years now! The veggies, fruit, cheese, bread, eggs, and mushrooms I receive are insanely delicious and very affordable. Keep doing what you\u2019re doing!\u201d"},{"group_title":"Group Title","group_sort":"4","testimonials_title":"Testimonial 4","testimonials_author_image":"https:\/\/demo.mythemeshop.com\/fresh-beta\/wp-content\/themes\/mts_fresh\/images\/author-2.png","testimonials_author_name":"Albert","testimonials_text":"\u201cWe\u2019ve been Lettuce customers for a few years now! The veggies, fruit, cheese, bread, eggs, and mushrooms I receive are insanely delicious and very affordable. Keep doing what you\u2019re doing!\u201d"}],"testimonials_padding":{"top":"77px","right":"0","bottom":"113px","left":"0"},"testimonials_author_font":{"preview-color":"light","font-family":"Open Sans","font-backup":"","font-weight":"600","font-style":"","color":"#15181f","font-size":"14px","line-height":"1","letter-spacing":"","margin-top":"","margin-bottom":"","css-selectors":".testimonials-section .author-name","additional-css":""},"testimonials_text_font":{"preview-color":"light","font-family":"Open Sans","font-backup":"","font-weight":"400","font-style":"","color":"#444444","font-size":"18px","line-height":"32px","letter-spacing":"","margin-top":"","margin-bottom":"","css-selectors":".testimonials-section p","additional-css":""},"testimonials_left_bg_image":"https:\/\/demo.mythemeshop.com\/fresh-beta\/wp-content\/themes\/mts_fresh\/images\/vegi-1.png","testimonials_left_bg_position":{"top":"-144px","left":"-174px"},"testimonials_right_bg_image":"https:\/\/demo.mythemeshop.com\/fresh-beta\/wp-content\/themes\/mts_fresh\/images\/vegi-2.png","testimonials_right_bg_position":{"right":"0","bottom":"-61px"},"instagram_background":{"color":"","use":"upload","image_pattern":"nobg","image_upload":"https:\/\/demo.mythemeshop.com\/fresh-beta\/wp-content\/themes\/mts_fresh\/images\/instagram-bg.png","repeat":"no-repeat","attachment":"scroll","position":"left top","size":"cover","gradient":{"from":"#ffffff","to":"#000000","direction":"0deg"},"parallax":"0"},"instagram_title":"We are on Instagram","instagram_text":"Follow Us","instagram_username":"habitburgergrill","instagram_num_post":"4","instagram_button_text":"Follow Us","instagram_button_url":"#","instagram_button_text_color":"#ffffff","instagram_button_bg_color":"#99c034","instagram_padding":{"top":"168px","right":"0","bottom":"94px","left":"0"},"instagram_title_font":{"preview-color":"light","font-family":"Open Sans","font-backup":"","font-weight":"700","font-style":"","color":"#7a9929","font-size":"48px","line-height":"1","letter-spacing":"","margin-top":"","margin-bottom":"","css-selectors":".instagram-section h2","additional-css":""},"instagram_text_font":{"preview-color":"light","font-family":"Open Sans","font-backup":"","font-weight":"400","font-style":"","color":"#444444","font-size":"19px","line-height":"1","letter-spacing":"","margin-top":"","margin-bottom":"","css-selectors":".instagram-section p","additional-css":"text-transform: uppercase;"},"cta_background":{"color":"#ffffff","use":"pattern","image_pattern":"nobg","image_upload":"","repeat":"repeat","attachment":"scroll","position":"left top","size":"cover","gradient":{"from":"#ffffff","to":"#000000","direction":"0deg"},"parallax":"0"},"cta_title":"Don't forget: Free Standard Shipping on orders $99+!","cta_title_font":{"preview-color":"light","font-family":"Open Sans","font-backup":"","font-weight":"600","font-style":"","color":"#444444","font-size":"30px","line-height":"1","letter-spacing":"","margin-top":"","margin-bottom":"","css-selectors":".cta-section h2","additional-css":""},"cta_button_text":"Read Shipping Info","cta_button_url":"#","cta_button_text_color":"#ffffff","cta_button_bg_color":"#99c034","cta_left_bg_image":"https:\/\/demo.mythemeshop.com\/fresh-beta\/wp-content\/themes\/mts_fresh\/images\/vegi-small.png","cta_left_bg_position":{"top":"18px","left":"-20px"},"cta_padding":{"top":"86px","right":"0","bottom":"54px","left":"0"}},"fresh_blog":{"last_tab":"blog-general","mts_featured_categories":[{"group_title":"","group_sort":"1","mts_featured_title":"Featured","unique_id":"5c9618bad96c9","blog_layout":"layout-featured","mts_featured_category":"featured","mts_featured_category_postsnum":"4","mts_featured_category_excerpt":""},{"group_title":"","group_sort":"2","mts_featured_title":"Latest","unique_id":"5c961897a0e3d","blog_layout":"layout-default","mts_featured_category":"latest","mts_featured_category_postsnum":"4","mts_featured_category_excerpt":"30"}],"mts_featured_category_title_5c9618bad96c9":"1","view_more_5c9618bad96c9":"1","mts_post_title_alignment_5c9618bad96c9":"left","mts_featured_category_title_background_5c9618bad96c9":{"color":"","use":"pattern","image_pattern":"nobg","image_upload":"","repeat":"repeat","attachment":"scroll","position":"left top","size":"cover","gradient":{"from":"#ffffff","to":"#000000","direction":"0deg"},"parallax":"0"},"mts_featured_category_title_margin_5c9618bad96c9":{"top":"0","right":"0","bottom":"28px","left":"0"},"mts_featured_category_title_padding_5c9618bad96c9":{"top":"0","right":"0","bottom":"0","left":"0"},"post_title_border_5c9618bad96c9":{"color":"","direction":"all","size":"","style":"none"},"mts_featured_category_title_font_5c9618bad96c9":{"preview-color":"light","font-family":"Open Sans","font-backup":"","font-weight":"700","font-style":"","color":"#494b46","font-size":"22px","line-height":"","letter-spacing":"","margin-top":"","margin-bottom":"","css-selectors":".title-container.title-id-5c9618bad96c9 h3.featured-category-title","additional-css":"text-transform: uppercase;"},"wrapper_bgcolor_5c9618bad96c9":"rgba(153,192,52,0.9)","mts_home_headline_meta_info5c9618bad96c9":{"enabled":{"category":"Categories"},"disabled":{"author":"Author Name","date":"Date","comment":"Comment Count"}},"mts_meta_info_category_icon_5c9618bad96c9":"","mts_meta_info_author_icon_5c9618bad96c9":"","mts_meta_info_date_icon_5c9618bad96c9":"","mts_meta_info_comment_icon_5c9618bad96c9":"","mts_meta_info_margin_5c9618bad96c9":{"top":"0","right":"0","bottom":"6px","left":"0"},"mts_meta_info_padding_5c9618bad96c9":{"top":"0","right":"0","bottom":"0","left":"0"},"meta_info_border_5c9618bad96c9":{"color":"","direction":"all","size":"","style":"none"},"meta_info_font_5c9618bad96c9":{"preview-color":"light","font-family":"Open Sans","font-backup":"","font-weight":"400","font-style":"","color":"#e3ebd0","font-size":"16px","line-height":"","letter-spacing":"","margin-top":"","margin-bottom":"","css-selectors":".layout-5c9618bad96c9 .latestPost .post-info, .layout-5c9618bad96c9 .latestPost .post-info span a","additional-css":""},"mts_featured_category_background_5c9618bad96c9":{"color":"","use":"pattern","image_pattern":"nobg","image_upload":"","repeat":"repeat","attachment":"scroll","position":"left top","size":"cover","gradient":{"from":"#ffffff","to":"#000000","direction":"0deg"},"parallax":"0"},"post_border_5c9618bad96c9":{"color":"","direction":"all","size":"","style":"none"},"post_margin_5c9618bad96c9":{"top":"72px","bottom":"0"},"post_padding_5c9618bad96c9":{"top":"0","right":"0","bottom":"0","left":"0"},"post_title_font_5c9618bad96c9":{"preview-color":"light","font-family":"Open Sans","font-backup":"","font-weight":"600","font-style":"","color":"#ffffff","font-size":"16px","line-height":"22px","letter-spacing":"","margin-top":"","margin-bottom":"","css-selectors":".layout-5c9618bad96c9 .latestPost .title a","additional-css":""},"mts_featured_category_title_5c961897a0e3d":"1","mts_post_title_alignment_5c961897a0e3d":"left","mts_featured_category_title_background_5c961897a0e3d":{"color":"","use":"pattern","image_pattern":"nobg","image_upload":"","repeat":"repeat","attachment":"scroll","position":"left top","size":"cover","gradient":{"from":"#ffffff","to":"#000000","direction":"0deg"},"parallax":"0"},"mts_featured_category_title_margin_5c961897a0e3d":{"top":"0","right":"0","bottom":"40px","left":"0"},"mts_featured_category_title_padding_5c961897a0e3d":{"top":"0","right":"0","bottom":"0","left":"0"},"post_title_border_5c961897a0e3d":{"color":"","direction":"all","size":"","style":"none"},"mts_featured_category_title_font_5c961897a0e3d":{"preview-color":"light","font-family":"Open Sans","font-backup":"","font-weight":"700","font-style":"","color":"#494b46","font-size":"22px","line-height":"","letter-spacing":"","margin-top":"","margin-bottom":"","css-selectors":".title-container.title-id-5c961897a0e3d h3.featured-category-title","additional-css":"text-transform: uppercase;"},"mts_home_headline_meta_info5c961897a0e3d":{"enabled":{"date":"Date","comment":"Comment Count"},"disabled":{"author":"Author Name","category":"Categories"}},"mts_meta_info_date_icon_5c961897a0e3d":"","mts_meta_info_comment_icon_5c961897a0e3d":"","mts_meta_info_author_icon_5c961897a0e3d":"","mts_meta_info_category_icon_5c961897a0e3d":"","mts_meta_info_margin_5c961897a0e3d":{"top":"6px","right":"0","bottom":"0","left":"0"},"mts_meta_info_padding_5c961897a0e3d":{"top":"0","right":"0","bottom":"0","left":"0"},"meta_info_border_5c961897a0e3d":{"color":"","direction":"all","size":"","style":"none"},"meta_info_font_5c961897a0e3d":{"preview-color":"light","font-family":"Open Sans","font-backup":"","font-weight":"400","font-style":"","color":"#8e8c8c","font-size":"15px","line-height":"","letter-spacing":"","margin-top":"","margin-bottom":"","css-selectors":".layout-5c961897a0e3d .latestPost .post-info, .layout-5c961897a0e3d .latestPost .post-info span a","additional-css":""},"readmore_5c961897a0e3d":"1","mts_featured_category_background_5c961897a0e3d":{"color":"","use":"pattern","image_pattern":"nobg","image_upload":"","repeat":"repeat","attachment":"scroll","position":"left top","size":"cover","gradient":{"from":"#ffffff","to":"#000000","direction":"0deg"},"parallax":"0"},"post_border_5c961897a0e3d":{"color":"","direction":"all","size":"","style":"none"},"post_margin_5c961897a0e3d":{"top":"34px","bottom":"35px"},"post_padding_5c961897a0e3d":{"top":"0","right":"0","bottom":"0","left":"0"},"post_title_font_5c961897a0e3d":{"preview-color":"light","font-family":"Open Sans","font-backup":"","font-weight":"600","font-style":"","color":"#444444","font-size":"28px","line-height":"42px","letter-spacing":"","margin-top":"","margin-bottom":"","css-selectors":".layout-5c961897a0e3d .latestPost .title a","additional-css":""},"post_excerpt_font_5c961897a0e3d":{"preview-color":"light","font-family":"Open Sans","font-backup":"","font-weight":"400","font-style":"","color":"#444444","font-size":"16px","line-height":"27px","letter-spacing":"","margin-top":"","margin-bottom":"","css-selectors":".layout-5c961897a0e3d .latestPost .front-view-content","additional-css":""},"wrapper_bgcolor_5c961897a0e3d":"rgba(153,192,52,0.9)","mts_pagenavigation_type":"1","pagenavigation_alignment":"right","load_more_alignment":"right","mts_pagenavigation_bgcolor":"#f8faf4","load_more_bgcolor":"#99c034","mts_pagenavigation_hover_bgcolor":"#7a9929","load_more_hover_bgcolor":"#444444","mts_pagenavigation_color":"#444444","load_more_color":"#ffffff","mts_pagenavigation_hover_color":"#deebcd","load_more_hover_color":"#ffffff","mts_pagenavigation_margin":{"top":"0","right":"8px","bottom":"0","left":"0"},"mts_pagenavigation_padding":{"top":"10px","right":"13px","bottom":"9px","left":"13px"},"load_more_padding":{"top":"20px","right":"30px","bottom":"17px","left":"30px"},"mts_pagenavigation_border_radius":"5","pagenavigation_border":{"color":"#e7f1db","direction":"all","size":"1","style":"solid"},"pagination_font":{"preview-color":"light","font-family":"Open Sans","font-backup":"","font-weight":"400","font-style":"","font-size":"17px","line-height":"","letter-spacing":"","margin-top":"","margin-bottom":"","css-selectors":".pagination, #load-posts a","additional-css":""}},"fresh_sidebars":{"last_tab":"sidebars-general","mts_sidebar_for_home":"mts_defaultsidebar","mts_sidebar_for_post":"mts_defaultsidebar","mts_sidebar_for_page":"mts_defaultsidebar","mts_sidebar_for_archive":"mts_defaultsidebar","mts_sidebar_for_category":"mts_defaultsidebar","mts_sidebar_for_tag":"mts_defaultsidebar","mts_sidebar_for_date":"mts_defaultsidebar","mts_sidebar_for_author":"mts_defaultsidebar","mts_sidebar_for_search":"mts_defaultsidebar","mts_sidebar_for_notfound":"mts_defaultsidebar","mts_sidebar_for_shop":"mts_defaultsidebar","mts_sidebar_for_product":"mts_defaultsidebar","mts_sidebar_title_styling_background":{"color":"","use":"pattern","image_pattern":"nobg","image_upload":"","repeat":"repeat","attachment":"scroll","position":"left top","size":"cover","gradient":{"from":"#ffffff","to":"#000000","direction":"0deg"},"parallax":"0"},"mts_sidebar_title_styling_margin":{"top":"0","bottom":"40px"},"mts_sidebar_title_styling_padding":{"top":"0","right":"0","bottom":"0","left":"0"},"widget_title_border":{"color":"","direction":"all","size":"","style":"none"},"mts_sidebar_styling_background":{"color":"","use":"pattern","image_pattern":"nobg","image_upload":"","repeat":"repeat","attachment":"scroll","position":"left top","size":"cover","gradient":{"from":"#ffffff","to":"#000000","direction":"0deg"},"parallax":"0"},"mts_sidebar_styling_margin":{"top":"0","right":"0","bottom":"70px","left":"0"},"mts_sidebar_styling_padding":{"top":"0","right":"0","bottom":"0","left":"0"},"sidebar_styling_border":{"color":"","direction":"all","size":"","style":"none"}},"fresh_single":{"last_tab":"single-general","show_single_featured":"1","mts_single_post_layout":{"enabled":{"content":"Post Content","tags":"Tags","author":"Author Box","subscribe":"Subscribe Box","related":"Related Posts"}},"tags_bgcolor":"#ffd05a","related_post_title":"Related Recipes","mts_related_posts_taxonomy":"categories","mts_single_headline_meta_info":{"enabled":{"author":"Author Name","date":"Date","category":"Categories"},"disabled":{"comment":"Comment Count"}},"mts_single_meta_info_author_icon":"","mts_single_meta_info_date_icon":"","mts_single_meta_info_category_icon":"","mts_single_meta_info_comment_icon":"","mts_breadcrumb":"1","breadcrumb_icon":"angle-right","breadcrumb_font":{"preview-color":"light","font-family":"Open Sans","font-backup":"","font-weight":"400","font-style":"","color":"#949592","font-size":"18px","line-height":"","letter-spacing":"","margin-top":"","margin-bottom":"","css-selectors":".breadcrumb a, .rank-math-breadcrumb a","additional-css":""},"mts_author_comment":"1","mts_comment_date":"1","single_title_alignment":"left","single_title_background":{"color":"","use":"pattern","image_pattern":"nobg","image_upload":"","repeat":"repeat","attachment":"scroll","position":"left top","size":"cover","gradient":{"from":"#ffffff","to":"#000000","direction":"0deg"},"parallax":"0"},"single_title_padding":{"top":"0","right":"0","bottom":"0","left":"0"},"single_title_border":{"color":"","direction":"all","size":"","style":"none"},"single_page_titles_font":{"preview-color":"light","font-family":"Open Sans","font-backup":"","font-weight":"700","font-style":"","color":"#000000","font-size":"22px","line-height":"1","letter-spacing":"","margin-top":"","margin-bottom":"","css-selectors":"#respond h4, .total-comments","additional-css":"text-transform: uppercase;"},"single_background":{"color":"","use":"pattern","image_pattern":"nobg","image_upload":"","repeat":"repeat","attachment":"scroll","position":"left top","size":"cover","gradient":{"from":"#ffffff","to":"#000000","direction":"0deg"},"parallax":"0"},"mts_single_styling_margin":{"top":"0","bottom":"35px"},"mts_single_styling_padding":{"top":"0","right":"0","bottom":"0","left":"0"},"single_styling_border":{"color":"","direction":"all","size":"","style":"none"},"single_title_font":{"preview-color":"light","font-family":"Open Sans","font-backup":"","font-weight":"600","font-style":"","color":"#383b34","font-size":"40px","line-height":"46px","letter-spacing":"","margin-top":"","margin-bottom":"","css-selectors":".single-title","additional-css":""},"mts_single_meta_info_font":{"preview-color":"light","font-family":"Open Sans","font-backup":"","font-weight":"400","font-style":"","color":"#8e8c8c","font-size":"15px","line-height":"","letter-spacing":"","margin-top":"","margin-bottom":"","css-selectors":".single_post .post-info","additional-css":""},"related_posts_background":{"color":"","use":"pattern","image_pattern":"nobg","image_upload":"","repeat":"repeat","attachment":"scroll","position":"left top","size":"cover","gradient":{"from":"#ffffff","to":"#000000","direction":"0deg"},"parallax":"0"},"related_posts_layouts":"default","related_posts_grid":"grid3","mts_related_postsnum":"3","related_posts_adcode":"","related_posts_position":"default","related_post_meta_info":{"category":"category"},"related_posts_margin":{"top":"87px","right":"0","bottom":"0","left":"0"},"related_posts_padding":{"top":"0","right":"0","bottom":"0","left":"0"},"related_posts_border":{"color":"","direction":"all","size":"","style":"none"},"related_post_title_font":{"preview-color":"light","font-family":"Open Sans","font-backup":"","font-weight":"700","font-style":"","color":"#7a9929","font-size":"22px","line-height":"1","letter-spacing":"","margin-top":"","margin-bottom":"","css-selectors":".related-posts h4","additional-css":"text-transform: uppercase;"},"related_posts_font":{"preview-color":"light","font-family":"Open Sans","font-backup":"","font-weight":"600","font-style":"","color":"#444444","font-size":"16px","line-height":"1","letter-spacing":"","css-selectors":".related-posts .title a","additional-css":""},"related_posts_meta_font":{"preview-color":"light","font-family":"Open Sans","font-backup":"","font-weight":"400","font-style":"","color":"#8c8d89","font-size":"14px","line-height":"","letter-spacing":"","margin-top":"","margin-bottom":"","css-selectors":".related-posts .post-info, .related-posts .post-info a","additional-css":""},"related_article_background":{"color":"","use":"pattern","image_pattern":"nobg","image_upload":"","repeat":"repeat","attachment":"scroll","position":"left top","size":"cover","gradient":{"from":"#ffffff","to":"#000000","direction":"0deg"},"parallax":"0"},"related_article_padding":{"top":"0","right":"0","bottom":"0","left":"0"},"related_article_text_padding":{"top":"0","right":"0","bottom":"0","left":"0"},"single_subscribe_background":{"color":"","use":"pattern","image_pattern":"nobg","image_upload":"","repeat":"repeat","attachment":"scroll","position":"left top","size":"cover","gradient":{"from":"#ffffff","to":"#000000","direction":"0deg"},"parallax":"0"},"single_subscribe_margin":{"top":"30px","right":"0","bottom":"30px","left":"0"},"single_subscribe_padding":{"top":"30px","right":"30px","bottom":"30px","left":"30px"},"single_subscribe_border_radius":"12","single_subscribe_title_font":{"preview-color":"dark","font-family":"Anton","font-backup":"","font-weight":"400","font-style":"","color":"#ffffff","font-size":"30px","line-height":"32px","letter-spacing":"","margin-top":"","margin-bottom":"","css-selectors":".single-subscribe .widget #wp-subscribe .title","additional-css":"text-transform: uppercase;"},"single_subscribe_text_font":{"preview-color":"light","font-family":"Roboto","font-backup":"","font-weight":"400","font-style":"","color":"#ffffff","font-size":"16px","line-height":"24px","letter-spacing":"","margin-top":"","margin-bottom":"","css-selectors":".single-subscribe .widget #wp-subscribe p.text, .single-subscribe .widget .wp-subscribe .wps-consent-wrapper label, .single-subscribe .widget .wp-subscribe-wrap .error, .single-subscribe .widget .wp-subscribe-wrap .thanks","additional-css":""},"single_subscribe_input_background":"#ffffff","single_subscribe_input_height":"42","single_subscribe_input_border_radius":"0","single_subscribe_input_border":{"color":"","direction":"all","size":"","style":"none"},"single_subscribe_input_font":{"preview-color":"light","font-family":"Roboto","font-backup":"","font-weight":"400","font-style":"","color":"#2d3849","font-size":"14px","line-height":"","letter-spacing":"","margin-top":"","margin-bottom":"","css-selectors":".single-subscribe .widget #wp-subscribe input.email-field, .single-subscribe .widget #wp-subscribe input.name-field","additional-css":""},"single_subscribe_submit_backgroud":"#ec7012","single_subscribe_submit_border_radius":"0","single_subscribe_submit_border":{"color":"","direction":"all","size":"","style":"none"},"single_subscribe_submit_padding":{"top":"10px","right":"0","bottom":"10px","left":"0"},"single_subscribe_submit_font":{"preview-color":"dark","font-family":"Roboto","font-backup":"","font-weight":"700","font-style":"","color":"#ffffff","font-size":"14px","line-height":"","letter-spacing":"","margin-top":"","margin-bottom":"","css-selectors":".single-subscribe .widget #wp-subscribe input.submit","additional-css":""},"single_subscribe_small_text_font":{"preview-color":"light","font-family":"Anton","font-backup":"","font-weight":"400","font-style":"","color":"#a6a7aa","font-size":"13px","line-height":"20px","letter-spacing":"","margin-top":"","margin-bottom":"","css-selectors":".single-subscribe .widget .wp-subscribe-wrap p.footer-text","additional-css":"display: none;"},"single_authorbox_background":{"color":"","use":"upload","image_pattern":"nobg","image_upload":"http:\/\/suraj.wpgrammy.com\/wp-content\/themes\/mts_fresh\/images\/author-bg.png","repeat":"no-repeat","attachment":"scroll","position":"left top","size":"cover","gradient":{"from":"#ffffff","to":"#000000","direction":"0deg"},"parallax":"0"},"author_box_title":"","single_authorbox_margin":{"top":"55px","right":"0","bottom":"0","left":"0"},"single_authorbox_padding":{"top":"33px","right":"21px","bottom":"42px","left":"21px"},"single_authorbox_border":{"color":"","direction":"all","size":"","style":"none"},"single_authorbox_border_radius":"12","single_authorbox_title_font":{"preview-color":"light","font-family":"Open Sans","font-backup":"","font-weight":"700","font-style":"","color":"#444444","font-size":"22px","line-height":"1","letter-spacing":"","margin-top":"","margin-bottom":"","css-selectors":".postauthor h4","additional-css":""},"single_authorbox_author_name_font":{"preview-color":"dark","font-family":"Open Sans","font-backup":"","font-weight":"600","font-style":"","color":"#ffffff","font-size":"18px","line-height":"","letter-spacing":"","margin-top":"","margin-bottom":"","css-selectors":".postauthor h5, .postauthor h5 a","additional-css":""},"single_authorbox_text_font":{"preview-color":"dark","font-family":"Open Sans","font-backup":"","font-weight":"400","font-style":"","color":"#ffffff","font-size":"16px","line-height":"27px","letter-spacing":"","margin-top":"","margin-bottom":"","css-selectors":".postauthor p","additional-css":""},"single_author_image_margin":{"top":"0","right":"24px","bottom":"0","left":"0"},"single_author_image_border_radius":"90"},"fresh_typography":{"last_tab":"typography-collection","fresh_logo":{"preview-color":"dark","font-family":"Caveat Brush","font-backup":"","font-weight":"400","font-style":"","color":"#99c034","font-size":"54px","line-height":"","letter-spacing":"","margin-top":"","margin-bottom":"","css-selectors":"#logo a","additional-css":""},"secondary_navigation_font":{"preview-color":"light","font-family":"Open Sans","font-backup":"","font-weight":"600","font-style":"","color":"#444444","font-size":"17px","line-height":"","letter-spacing":"","margin-top":"","margin-bottom":"","css-selectors":"#secondary-navigation li","additional-css":""},"home_title_font":{"preview-color":"light","font-family":"Open Sans","font-backup":"","font-weight":"600","font-style":"","color":"#444444","font-size":"28px","line-height":"42px","letter-spacing":"","margin-top":"","margin-bottom":"","css-selectors":".latestPost .title a","additional-css":""},"content_font":{"preview-color":"light","font-family":"Open Sans","font-backup":"","font-weight":"400","font-style":"","color":"#444444","font-size":"16px","line-height":"27px","letter-spacing":"","margin-top":"","margin-bottom":"","css-selectors":"body","additional-css":""},"sidebar_title_font":{"preview-color":"light","font-family":"Open Sans","font-backup":"","font-weight":"700","font-style":"","color":"#383b34","font-size":"22px","line-height":"","letter-spacing":"","margin-top":"","margin-bottom":"","css-selectors":"#sidebar .widget h3.widget-title, #sidebar .widget h3.widget-title a","additional-css":"text-transform: uppercase;"},"mts_widget_links":{"preview-color":"light","font-family":"Open Sans","font-backup":"","font-weight":"600","font-style":"","color":"#444444","font-size":"16px","line-height":"23px","letter-spacing":"","margin-top":"","margin-bottom":"","css-selectors":"#sidebar .widget li.horizontal-small .post-title a, #sidebar .widget .wpt_widget_content .entry-title a, #sidebar .widget .wp_review_tab_widget_content .entry-title a","additional-css":""},"default_widget_links":{"preview-color":"light","font-family":"Open Sans","font-backup":"","font-weight":"400","font-style":"","color":"#444444","font-size":"16px","line-height":"23px","letter-spacing":"","margin-top":"","margin-bottom":"","css-selectors":"#sidebar .widget li a, #sidebar .widget.widget_categories li a, #sidebar .widget.widget_archive li a, #sidebar .widget.widget_pages li a, #sidebar .widget.widget_meta li a, #sidebar .widget.widget_recent_comments li a, #sidebar .widget.widget_recent_entries li a, #sidebar .widget.widget_rss, #sidebar .widget.widget_nav_menu li a","additional-css":""},"sidebar_url_bigthumb":{"preview-color":"light","font-family":"Open Sans","font-backup":"","font-weight":"600","font-style":"","color":"#444444","font-size":"18px","line-height":"27px","letter-spacing":"","margin-top":"","margin-bottom":"","css-selectors":"#sidebar .widget .vertical-small a, #sidebar .widget li.vertical-small, #sidebar .widget .review_thumb_large .entry-title a, .f-widget .widget .vertical-small a, .f-widget .widget .vertical-small li, .f-widget .widget .review_thumb_large .entry-title a","additional-css":""},"sidebar_font":{"preview-color":"light","font-family":"Open Sans","font-backup":"","font-weight":"400","font-style":"","color":"#444444","font-size":"14px","line-height":"24px","letter-spacing":"","margin-top":"","margin-bottom":"","css-selectors":"#sidebar .widget p, #sidebar .widget .post-excerpt","additional-css":""},"sidebar_font_bigthumb":{"preview-color":"light","font-family":"Open Sans","font-backup":"","font-weight":"400","font-style":"","color":"#444444","font-size":"16px","line-height":"24px","letter-spacing":"","margin-top":"15px","margin-bottom":"","css-selectors":"#sidebar .widget .vertical-small p, #sidebar .widget .vertical-small .post-excerpt, .f-widget .widget .vertical-small p, .f-widget .widget .vertical-small .post-excerpt","additional-css":""},"sidebar_postinfo_font":{"preview-color":"light","font-family":"Open Sans","font-backup":"","font-weight":"400","font-style":"","color":"#a5a5a5","font-size":"12px","line-height":"1","letter-spacing":"","margin-top":"","margin-bottom":"","css-selectors":"#sidebar .widget .post-info, #sidebar .widget .post-info a, #sidebar .wpt_widget_content .wpt-postmeta","additional-css":""},"sidebar_postinfo_font_bigthumb":{"preview-color":"light","font-family":"Open Sans","font-backup":"","font-weight":"400","font-style":"","color":"#8e8c8c","font-size":"15px","line-height":"1","letter-spacing":"","margin-top":"","margin-bottom":"","css-selectors":"#sidebar .widget .vertical-small .post-info, #sidebar .widget .vertical-small .post-info a, .f-widget .widget .vertical-small .post-info, .f-widget .widget .vertical-small .post-info a, .widget .wp_review_tab_widget_content .review_thumb_large .wp-review-tab-postmeta, .wpt_comment_content, .wpt_excerpt","additional-css":""},"tabs_title_font":{"preview-color":"light","font-family":"Open Sans","font-backup":"","font-weight":"700","font-style":"","color":"#444444","font-size":"16px","line-height":"","letter-spacing":"","margin-top":"","margin-bottom":"","css-selectors":"#sidebar .widget .wp_review_tab_widget_content .tab_title a, #sidebar .widget .wpt_widget_content .tab_title a, .f-widget .widget .wp_review_tab_widget_content .tab_title a, .f-widget .widget .wpt_widget_content .tab_title a","additional-css":"text-transform: uppercase;"},"top_footer_title_font":{"preview-color":"dark","font-family":"Open Sans","font-backup":"","font-weight":"600","font-style":"","color":"#ffffff","font-size":"16px","line-height":"","letter-spacing":"","margin-top":"","margin-bottom":"30px","css-selectors":".footer-widgets h3, #site-footer .widget #wp-subscribe .title, .brands-title","additional-css":""},"top_footer_link_font":{"preview-color":"dark","font-family":"Open Sans","font-backup":"","font-weight":"400","font-style":"","color":"#ffffff","font-size":"16px","line-height":"1","letter-spacing":"","margin-top":"","margin-bottom":"","css-selectors":".f-widget a, footer .wpt_widget_content a, footer .wp_review_tab_widget_content a, footer .wpt_tab_widget_content a, footer .widget .wp_review_tab_widget_content a","additional-css":""},"top_footer_font":{"preview-color":"dark","font-family":"Open Sans","font-backup":"","font-weight":"400","font-style":"","color":"#ffffff","font-size":"15px","line-height":"24px","letter-spacing":"","margin-top":"","margin-bottom":"","css-selectors":".footer-widgets, .f-widget .top-posts .comment_num, footer .meta, footer .twitter_time, footer .widget .wpt_widget_content .wpt-postmeta, footer .widget .wpt_comment_content, footer .widget .wpt_excerpt, footer .wp_review_tab_widget_content .wp-review-tab-postmeta, footer .advanced-recent-posts p, footer .popular-posts p, footer .category-posts p, footer .widget .post-info","additional-css":""},"copyrights_font":{"preview-color":"dark","font-family":"Open Sans","font-backup":"","font-weight":"400","font-style":"","color":"#444444","font-size":"15px","line-height":"","letter-spacing":"","margin-top":"","margin-bottom":"","css-selectors":"#copyright-note","additional-css":""},"h1_headline":{"preview-color":"light","font-family":"Open Sans","font-backup":"","font-weight":"700","font-style":"","color":"#444444","font-size":"36px","line-height":"","letter-spacing":"","margin-top":"","margin-bottom":"","css-selectors":"h1","additional-css":""},"h2_headline":{"preview-color":"light","font-family":"Open Sans","font-backup":"","font-weight":"700","font-style":"","color":"#444444","font-size":"34px","line-height":"","letter-spacing":"","margin-top":"","margin-bottom":"","css-selectors":"h2","additional-css":""},"h3_headline":{"preview-color":"light","font-family":"Open Sans","font-backup":"","font-weight":"700","font-style":"","color":"#444444","font-size":"32px","line-height":"","letter-spacing":"","margin-top":"","margin-bottom":"","css-selectors":"h3","additional-css":""},"h4_headline":{"preview-color":"light","font-family":"Open Sans","font-backup":"","font-weight":"700","font-style":"","color":"#444444","font-size":"30px","line-height":"","letter-spacing":"","margin-top":"","margin-bottom":"","css-selectors":"h4","additional-css":""},"h5_headline":{"preview-color":"light","font-family":"Open Sans","font-backup":"","font-weight":"700","font-style":"","color":"#444444","font-size":"28px","line-height":"","letter-spacing":"","margin-top":"","margin-bottom":"","css-selectors":"h5","additional-css":""},"h6_headline":{"preview-color":"light","font-family":"Open Sans","font-backup":"","font-weight":"700","font-style":"","color":"#444444","font-size":"24px","line-height":"","letter-spacing":"","margin-top":"","margin-bottom":"","css-selectors":"h6, blockquote","additional-css":""},"typography-subsets":{"latin":"latin"}},"mts-opts-backup":"1"}
