{"sidebar":{"cooked_nutrition_widget-2":{"title":""},"mts_aboutme_widget-2":{"title":"","aboutme_image_url":"https:\/\/demo.mythemeshop.com\/fresh-beta\/files\/2019\/04\/about.png","aboutme_description":"I\u2019m Ana Ciorici and I love fashion, food, the yellow colour, but most of all life.\r\n<br>\r\n<a href =\"#\">Read More \u00bb<\/a>","author_name":"Cvita Doleschall","facebook":"","twitter":"","instagram":"","pinterest":"","youtube":"","linkedin":"","dribbble":""},"mts_popular_posts_widget-2":{"title":"See More Posts","qty":3,"title_length":10,"category":0,"author_name":1,"date":1,"days":999,"show_thumb3":1,"box_layout":"horizontal-small","border_radius":0,"show_excerpt":0,"excerpt_length":10},"mts_ad_300_widget-4":{"title":"","ad":"https:\/\/demo.mythemeshop.com\/fresh-beta\/files\/2019\/04\/mc-d.jpg","link":"https:\/\/mythemeshop.com\/themes\/fresh\/"},"wp_subscribe-2":{"title":"Get more stuff","service":"mailchimp","aweber_consumer_key":"","aweber_consumer_secret":"","aweber_access_key":"","aweber_access_secret":"","aweber_account_id":"","aweber_list_id":"none","feedburner_id":"","mailchimp_api_key":"","mailchimp_list_id":"none","mailchimp_double_optin":"0","include_name_field":"1","text":"Subscribe to our mailing list and get interesting stuff and updates to your email inbox.","name_placeholder":"Your Name","email_placeholder":"Enter your email here","consent_text":"","button_text":"Sign Up Now","success_message":"Thank you for subscribing.","error_message":"Something went wrong.","footer_text":""}},"footer-top-1":{"text-2":{"title":"About Us","text":"Lorem ipsum dolor sit amet, consectetur adipiscing elit. Proin elementum lectus vitae ligula cursus accumsan a et lacus.","filter":true,"visual":true}},"footer-top-2":{"archives-2":{"title":"","count":0,"dropdown":0}},"footer-top-3":{"mts_contact_info-2":{"title":"Call Us at:","address":"8500, Lorem Street, Chicago, IL, 55030","phone":"0 (800) 123-456","mobile":"","email":"sales@yoursite.com","emailtxt":"sales@yoursite.com","web":"","webtxt":""}},"footer-top-4":{"media_image-2":{"attachment_id":2631,"url":"https:\/\/demo.mythemeshop.com\/fresh-beta\/files\/2019\/04\/logo-white.png","title":"","size":"full","width":192,"height":66,"caption":"","alt":"","link_type":"custom","link_url":"https:\/\/demo.mythemeshop.com\/fresh\/","image_classes":"","link_classes":"","link_rel":"","link_target_blank":false,"image_title":""}},"shop-sidebar":{"woocommerce_product_search-2":{"title":""},"woocommerce_widget_cart-2":{"title":"Cart","hide_if_empty":0},"woocommerce_price_filter-2":{"title":"Filter by price"},"woocommerce_product_categories-2":{"title":"Product categories","orderby":"name","dropdown":0,"count":0,"hierarchical":1,"show_children_only":0,"hide_empty":0,"max_depth":""}},"product-sidebar":{"woocommerce_product_search-3":{"title":""},"woocommerce_products-2":{"title":"Products","number":5,"show":"","orderby":"date","order":"desc","hide_free":0,"show_hidden":0},"woocommerce_top_rated_products-2":{"title":"Top rated products","number":5}}}